pos x,pos y,vel x,vel y,angle,angleVel,contact_1,contact_2,action
"(-0.24761715531349182,0.03763084","(-0.0011920356191694736,1.157884","(-0.17645993828773499,0.29598206","(-0.3832799196243286,0.047000329","(-0.4399354159832001,0.078367516","(-0.2339116632938385,0.085556283","(0.0,1.0]","(0.0,1.0]",0
"(-0.2529732286930084,0.035671900","(0.0,1.3187693357467651]","(-0.6340674161911011,0.238163188","(-0.4929642379283905,0.020337210","(-0.49080216884613037,0.0]","(-0.30340975522994995,0.23973648","(0.0,0.0]","(0.0,0.0]",1
"(-0.2530437409877777,0.037701893","(-0.0011017345823347569,1.307697","(-0.6442152261734009,0.299377262","(-0.5221485495567322,0.025119671","(-0.48572808504104614,0.07845558","(-0.2696036696434021,0.278475463","(0.0,1.0]","(0.0,0.0]",2
"(-0.25298887491226196,0.03622855","(-0.0011950397165492177,1.408205","(-0.7500235438346863,0.271508336","(-0.4844445586204529,9.414767555","(-0.4145025610923767,0.072356596","(-0.2711130678653717,0.278420656","(0.0,1.0]","(0.0,1.0]",3
